{
  "version": 1,
  "author": "GUSTAVO ESPERANÇA SANCHES",
  "editor": "wokwi",
  "parts": [
    { "type": "board-esp32-devkit-c-v4", "id": "esp", "top": 105.6, "left": 14.44, "attrs": {} },
    { "type": "wokwi-vcc", "id": "vcc1", "top": 154.36, "left": -288, "attrs": {} },
    {
      "type": "wokwi-pushbutton",
      "id": "btn1",
      "top": 380.6,
      "left": 388.84,
      "attrs": { "color": "green" }
    },
    {
      "type": "wokwi-pushbutton",
      "id": "btn2",
      "top": 438.2,
      "left": 388.84,
      "attrs": { "color": "green" }
    },
    {
      "type": "wokwi-pushbutton",
      "id": "btn3",
      "top": 495.8,
      "left": 388.84,
      "attrs": { "color": "green" }
    },
    {
      "type": "wokwi-pushbutton",
      "id": "btn4",
      "top": 553.4,
      "left": 388.84,
      "attrs": { "color": "green" }
    },
    { "type": "wokwi-vcc", "id": "vcc2", "top": 355.96, "left": 4.84, "attrs": {} },
    {
      "type": "wokwi-pushbutton",
      "id": "btn5",
      "top": 380.6,
      "left": -379.16,
      "attrs": { "color": "green" }
    },
    {
      "type": "wokwi-pushbutton",
      "id": "btn6",
      "top": 438.2,
      "left": -379.16,
      "attrs": { "color": "green" }
    },
    {
      "type": "wokwi-pushbutton",
      "id": "btn7",
      "top": 495.8,
      "left": -379.16,
      "attrs": { "color": "green" }
    },
    {
      "type": "wokwi-pushbutton",
      "id": "btn8",
      "top": 553.4,
      "left": -379.16,
      "attrs": { "color": "green" }
    },
    { "type": "wokwi-gnd", "id": "gnd1", "top": 326.4, "left": -288.6, "attrs": {} },
    {
      "type": "wokwi-lcd1602",
      "id": "lcd1",
      "top": -233.6,
      "left": -388,
      "attrs": { "pins": "i2c" }
    },
    { "type": "wokwi-vcc", "id": "vcc3", "top": -316.04, "left": 259.2, "attrs": {} },
    { "type": "wokwi-gnd", "id": "gnd2", "top": 19.2, "left": 57, "attrs": {} },
    {
      "type": "wokwi-pushbutton",
      "id": "btn9",
      "top": 323,
      "left": -144,
      "attrs": { "color": "green" }
    },
    {
      "type": "wokwi-pushbutton",
      "id": "btn10",
      "top": 275,
      "left": -144,
      "attrs": { "color": "green" }
    },
    {
      "type": "wokwi-pushbutton",
      "id": "btn11",
      "top": 227,
      "left": -144,
      "attrs": { "color": "green" }
    },
    { "type": "wokwi-gnd", "id": "gnd3", "top": 768, "left": 9, "attrs": {} },
    {
      "type": "wokwi-resistor",
      "id": "r1",
      "top": 667.2,
      "left": -134.95,
      "rotate": 90,
      "attrs": { "value": "1000" }
    },
    {
      "type": "wokwi-resistor",
      "id": "r2",
      "top": 667.2,
      "left": -86.95,
      "rotate": 90,
      "attrs": { "value": "1000" }
    },
    {
      "type": "wokwi-resistor",
      "id": "r3",
      "top": 667.2,
      "left": -38.95,
      "rotate": 90,
      "attrs": { "value": "1000" }
    },
    {
      "type": "wokwi-resistor",
      "id": "r4",
      "top": 667.2,
      "left": 18.65,
      "rotate": 90,
      "attrs": { "value": "1000" }
    },
    {
      "type": "wokwi-resistor",
      "id": "r5",
      "top": 667.2,
      "left": 66.65,
      "rotate": 90,
      "attrs": { "value": "1000" }
    },
    {
      "type": "wokwi-resistor",
      "id": "r6",
      "top": 667.2,
      "left": 114.65,
      "rotate": 90,
      "attrs": { "value": "1000" }
    },
    {
      "type": "wokwi-resistor",
      "id": "r7",
      "top": 667.2,
      "left": 162.65,
      "rotate": 90,
      "attrs": { "value": "1000" }
    },
    {
      "type": "wokwi-resistor",
      "id": "r8",
      "top": 667.2,
      "left": -230.95,
      "rotate": 90,
      "attrs": { "value": "1000" }
    },
    {
      "type": "wokwi-resistor",
      "id": "r9",
      "top": 667.2,
      "left": 210.65,
      "rotate": 90,
      "attrs": { "value": "1000" }
    },
    {
      "type": "wokwi-resistor",
      "id": "r10",
      "top": 667.2,
      "left": -182.95,
      "rotate": 90,
      "attrs": { "value": "1000" }
    },
    {
      "type": "wokwi-resistor",
      "id": "r11",
      "top": 667.2,
      "left": 258.65,
      "rotate": 90,
      "attrs": { "value": "1000" }
    },
    { "type": "wokwi-ky-040", "id": "encoder1", "top": 232.1, "left": -365.6, "attrs": {} },
    { "type": "wokwi-slide-switch", "id": "sw1", "top": 273.2, "left": 233.5, "attrs": {} },
    {
      "type": "wokwi-led",
      "id": "led1",
      "top": 246,
      "left": 340.2,
      "attrs": { "color": "purple", "flip": "1" }
    },
    {
      "type": "wokwi-resistor",
      "id": "r12",
      "top": 331.2,
      "left": 345.05,
      "rotate": 90,
      "attrs": { "value": "68" }
    },
    { "type": "wokwi-gnd", "id": "gnd4", "top": 345.6, "left": 316.2, "attrs": {} },
    {
      "type": "wokwi-tm1637-7segment",
      "id": "sevseg2",
      "top": -96.04,
      "left": 323.83,
      "attrs": { "color": "red" }
    },
    {
      "type": "wokwi-tm1637-7segment",
      "id": "sevseg3",
      "top": -211.24,
      "left": 103.03,
      "attrs": { "color": "red" }
    },
    {
      "type": "wokwi-tm1637-7segment",
      "id": "sevseg4",
      "top": -105.64,
      "left": 103.03,
      "attrs": { "color": "red" }
    },
    {
      "type": "wokwi-tm1637-7segment",
      "id": "sevseg5",
      "top": 19.16,
      "left": 323.83,
      "attrs": { "color": "red" }
    },
    {
      "type": "wokwi-tm1637-7segment",
      "id": "sevseg6",
      "top": -211.24,
      "left": 323.83,
      "attrs": { "color": "red" }
    },
    {
      "type": "wokwi-led",
      "id": "led2",
      "top": 457.2,
      "left": 23.4,
      "attrs": { "color": "red", "flip": "1" }
    },
    {
      "type": "wokwi-led",
      "id": "led3",
      "top": 457.2,
      "left": 71.4,
      "attrs": { "color": "red", "flip": "1" }
    },
    {
      "type": "wokwi-resistor",
      "id": "r13",
      "top": 532.8,
      "left": 66.65,
      "rotate": 90,
      "attrs": { "value": "68" }
    },
    {
      "type": "wokwi-resistor",
      "id": "r14",
      "top": 532.8,
      "left": 18.65,
      "rotate": 90,
      "attrs": { "value": "68" }
    }
  ],
  "connections": [
    [ "esp:TX", "$serialMonitor:RX", "", [] ],
    [ "esp:RX", "$serialMonitor:TX", "", [] ],
    [ "btn5:2.r", "esp:32", "green", [ "h96.2", "v-172.6" ] ],
    [ "btn6:2.r", "esp:33", "green", [ "h105.8", "v-220.6" ] ],
    [ "btn7:2.r", "esp:25", "green", [ "h115.4", "v-278.2" ] ],
    [ "btn8:2.r", "esp:26", "green", [ "h125", "v-335.8" ] ],
    [ "btn5:1.r", "vcc2:VCC", "red", [ "v0", "h326.6" ] ],
    [ "btn1:1.l", "vcc2:VCC", "red", [ "h-374.4", "v0" ] ],
    [ "btn6:1.r", "vcc2:VCC", "red", [ "v0", "h317" ] ],
    [ "btn2:1.l", "vcc2:VCC", "red", [ "h-374.4", "v0" ] ],
    [ "btn7:1.r", "vcc2:VCC", "red", [ "v0", "h317" ] ],
    [ "btn3:1.l", "vcc2:VCC", "red", [ "h-374.4", "v9.6" ] ],
    [ "btn8:1.r", "vcc2:VCC", "red", [ "v0", "h326.6" ] ],
    [ "btn4:1.l", "vcc2:VCC", "red", [ "h-374.4", "v19.2" ] ],
    [ "lcd1:VCC", "vcc3:VCC", "red", [ "h-19.2", "v-57.5", "h662.4", "v0", "h9.6" ] ],
    [ "lcd1:GND", "gnd2:GND", "black", [ "h-19.2", "v182.4", "h470.4" ] ],
    [ "btn4:2.l", "esp:17", "green", [ "h-254.44", "v-355" ] ],
    [ "btn3:2.l", "esp:18", "green", [ "h-244.84", "v0.2", "h0", "v-307.2" ] ],
    [ "btn2:2.l", "esp:19", "green", [ "h-235.24", "v0.2" ] ],
    [ "btn1:2.l", "esp:23", "green", [ "h-225.64", "v0.2", "h0", "v-268.8" ] ],
    [ "btn10:2.r", "esp:27", "green", [ "h67.4", "v-76.6" ] ],
    [ "btn9:2.r", "esp:14", "green", [ "h77", "v-115" ] ],
    [ "btn10:1.r", "vcc2:VCC", "red", [ "v0", "h57.8", "v115.2", "h38.4" ] ],
    [ "btn9:1.r", "vcc2:VCC", "red", [ "v0", "h48.2", "v76.8", "h38.4" ] ],
    [ "btn11:2.r", "esp:35", "green", [ "h57.8", "v0.2" ] ],
    [ "btn11:1.r", "vcc2:VCC", "red", [ "v0", "h38.6", "v182.4", "h48" ] ],
    [ "r8:2", "gnd3:GND", "black", [ "h0", "v46.8", "h259.2" ] ],
    [ "r10:2", "gnd3:GND", "black", [ "h0", "v18", "h0", "v19.2", "h211.2" ] ],
    [ "r1:2", "gnd3:GND", "black", [ "h0", "v27.6", "h163.2" ] ],
    [ "r2:2", "gnd3:GND", "black", [ "h0", "v18", "h76.8" ] ],
    [ "r3:2", "gnd3:GND", "black", [ "h0", "v8.4", "h28.8" ] ],
    [ "r4:2", "gnd3:GND", "black", [ "h0", "v8.4", "h-19.2" ] ],
    [ "r5:2", "gnd3:GND", "black", [ "h0", "v18", "h-57.6", "v0", "h-9.6" ] ],
    [ "r6:2", "gnd3:GND", "black", [ "h0", "v27.6", "h-115.2" ] ],
    [ "r7:2", "gnd3:GND", "black", [ "h0", "v37.2", "h-163.2" ] ],
    [ "r9:2", "gnd3:GND", "black", [ "h0", "v46.8", "h-220.8" ] ],
    [ "btn5:2.r", "r8:1", "green", [ "h14.56", "v221", "h96" ] ],
    [ "btn6:2.r", "r10:1", "green", [ "h24.16", "v144.2", "h134.4", "v9.6" ] ],
    [ "btn7:2.r", "r1:1", "green", [ "h52.96", "v77", "h153.6" ] ],
    [ "btn8:2.r", "r2:1", "green", [ "h91.36", "v9.8", "h163.2" ] ],
    [ "btn9:2.r", "r3:1", "green", [ "h29", "v240.2", "h38.4" ] ],
    [ "btn10:2.r", "r4:1", "green", [ "h48.2", "v278.6", "h67.2" ] ],
    [ "btn11:2.r", "r5:1", "green", [ "h67.4", "v317", "h96" ] ],
    [ "btn1:2.l", "r6:1", "green", [ "h-244.84", "v163.4", "h-19.2" ] ],
    [ "btn2:2.l", "r7:1", "green", [ "h-196.84", "v163.4" ] ],
    [ "r11:2", "gnd3:GND", "black", [ "h0", "v46.8", "h-268.8" ] ],
    [ "btn3:2.l", "r9:1", "green", [ "h-148.84", "v105.8" ] ],
    [ "btn4:2.l", "r11:1", "green", [ "h-100.84", "v57.8" ] ],
    [
      "encoder1:CLK",
      "esp:5",
      "green",
      [
        "h28.8",
        "v-76.8",
        "h230.4",
        "v-38.4",
        "h19.2",
        "v-28.8",
        "h76.8",
        "v28.8",
        "h67.2",
        "v105.6"
      ]
    ],
    [
      "encoder1:DT",
      "esp:12",
      "green",
      [ "h19.2", "v153.7", "h268.8", "v-57.6", "h-28.8", "v-96" ]
    ],
    [ "sw1:3", "esp:16", "green", [ "v9.6", "h19.4", "v-57.6" ] ],
    [ "sw1:2", "vcc2:VCC", "red", [ "v105.6", "h-230.3" ] ],
    [ "r12:1", "led1:C", "green", [ "h0" ] ],
    [ "gnd4:GND", "r12:2", "black", [ "v-9.6", "h19.2", "v28.8" ] ],
    [ "led1:A", "esp:0", "green", [ "v0", "h-48", "v-19.2" ] ],
    [ "sevseg6:VCC", "vcc3:VCC", "red", [ "h9.6", "v-86.4", "h-240" ] ],
    [ "sevseg2:VCC", "vcc3:VCC", "red", [ "h19.2", "v-211.2", "h-249.6", "v-240" ] ],
    [ "sevseg5:VCC", "vcc3:VCC", "red", [ "h28.8", "v-336", "h-240" ] ],
    [ "sevseg3:VCC", "vcc3:VCC", "red", [ "h9.6", "v-67.2", "h-48", "v-28.8", "h9.6" ] ],
    [ "sevseg4:VCC", "vcc3:VCC", "red", [ "h19.2", "v-163.2", "h-67.2", "v-48", "h38.4" ] ],
    [ "sevseg3:GND", "gnd2:GND", "black", [ "h9.6", "v28.8", "h-201.6", "v0", "h-9.6" ] ],
    [ "sevseg4:GND", "gnd2:GND", "black", [ "h0", "v38.4", "h-211.2", "v-9.6" ] ],
    [ "sevseg6:GND", "gnd2:GND", "black", [ "h9.6", "v38.4", "h-432" ] ],
    [ "sevseg2:GND", "gnd2:GND", "black", [ "h19.2", "v38.4", "h-451.2" ] ],
    [ "sevseg5:GND", "gnd2:GND", "black", [ "h19.2", "v38.4", "h-211.2", "v-105.6", "h-240" ] ],
    [ "lcd1:SDA", "esp:21", "blue", [ "h-9.6", "v173", "h441.6", "v67.2", "h134.4", "v124.8" ] ],
    [
      "lcd1:SCL",
      "esp:22",
      "purple",
      [ "h-28.8", "v173.1", "h451.2", "v67.2", "h153.6", "v86.4" ]
    ],
    [ "sevseg3:CLK", "esp:2", "blue", [ "h28.8", "v172.8", "h-9.6", "v153.6" ] ],
    [ "sevseg3:DIO", "esp:4", "purple", [ "h38.4", "v163.2", "h-28.8", "v249.6" ] ],
    [ "sevseg4:CLK", "esp:2", "blue", [ "h28.8", "v57.6", "h-9.6", "v288" ] ],
    [ "sevseg4:DIO", "esp:4", "purple", [ "h9.6", "v316.8" ] ],
    [ "sevseg6:CLK", "esp:2", "blue", [ "h38.4", "v307.2", "h-240", "v144" ] ],
    [ "sevseg2:CLK", "esp:2", "blue", [ "h48", "v201.6", "h-249.6", "v124.8" ] ],
    [ "sevseg5:CLK", "esp:2", "blue", [ "h57.6", "v96", "h-259.2", "v124.8" ] ],
    [ "sevseg6:DIO", "esp:4", "purple", [ "h76.8", "v336", "h-288", "v86.4" ] ],
    [ "sevseg2:DIO", "esp:4", "purple", [ "h86.4", "v230.4", "h-297.6", "v76.8" ] ],
    [ "sevseg5:DIO", "esp:4", "purple", [ "h96", "v115.2", "h-307.2", "v76.8" ] ],
    [ "encoder1:GND", "gnd1:GND", "black", [ "v29.6", "h-28.8" ] ],
    [ "encoder1:VCC", "vcc1:VCC", "red", [ "h9.6", "v-47.6", "h-38.4" ] ],
    [ "led2:C", "r14:1", "green", [ "v9.6", "h-0.4" ] ],
    [ "led3:C", "r13:1", "green", [ "v9.6", "h-0.4" ] ],
    [ "r14:2", "gnd3:GND", "black", [ "h-9.6", "v56.4", "h-19.2", "v9.6" ] ],
    [ "r13:2", "gnd3:GND", "black", [ "h9.6", "v8.4", "h0", "v57.6", "h-76.8" ] ],
    [ "led3:A", "esp:15", "green", [ "h-9.6", "v-115.2", "h96", "v-105.6" ] ],
    [
      "led2:A",
      "esp:13",
      "green",
      [ "v0", "h-9.6", "v-67.2", "h19.2", "v-96", "h-38.4", "v-67.2" ]
    ]
  ],
  "dependencies": {}
}